,PLAYER,POSITION,RACE,TEAM,GP,MPG,PF,PFPG,PFP48M,FLAG,TECH,Rk,Pos,Age,Tm,G,MP,PER,TS%,3PAr,FTr,ORB%,DRB%,TRB%,AST%,STL%,BLK%,TOV%,USG%,OWS,DWS,WS,WS/48,OBPM,DBPM,BPM,VORP
1,Aaron Brooks, G,1,IND,65,13.8,93,1.4,5,1,5,58,PG,32,IND,65,894,9.5,0.507,0.427,0.133,2.3,6.3,4.3,20.7,1.4,0.9,17.2,19.2,-0.2,0.5,0.3,0.016,-2.1,-2.5,-4.6,-0.6
2,Aaron Gordon,F,0,ORL,80,28.7,172,2.2,3.6,0,1,157,SF,21,ORL,80,2298,14.5,0.53,0.309,0.251,5.3,14.1,9.6,10.5,1.4,1.4,8.5,20.1,2,1.7,3.7,0.077,-0.2,-0.4,-0.7,0.8
3,Aaron Harrison, G,1,CHA,5,3.4,2,0.4,5.6,0,0,181,SG,22,CHO,5,17,-2.2,0.102,0.5,0.5,0,19.5,9.7,22.6,0,0,0,12.9,-0.1,0,-0.1,-0.146,-9.6,-2.1,-11.6,0
4,Adreian Payne,F,1,MIN,18,7.5,32,1.8,11.4,1,1,352,PF,25,MIN,18,135,14.4,0.505,0.278,0.352,7.7,21,14.3,8,3,4.4,11.4,23.1,0,0.2,0.2,0.086,-2.2,0.7,-1.5,0
5,Al Jefferson, C,1,IND,66,14.1,125,1.9,6.4,0,0,221,C,32,IND,66,931,18.9,0.526,0.002,0.18,9.2,24.2,16.8,11,1,1.5,6.1,26.1,1.2,1.1,2.3,0.119,-1.5,-1.5,-3.1,-0.2
6,Alan Anderson,G,1,LAC,30,10.3,35,1.2,5.5,0,0,12,SF,34,LAC,30,308,5,0.494,0.55,0.2,1.1,7.4,4.4,4.9,0.5,0,7.4,13.7,0,0.1,0.1,0.02,-2.6,-2.3,-4.9,-0.2
7,Alan Williams,F,1,PHX,47,15.1,125,2.7,8.5,2,2,464,C,24,PHO,47,708,19.5,0.547,0.004,0.419,14,31.2,22.4,5.2,1.8,3.7,10.5,20.9,1.1,0.9,2.1,0.142,-1.8,0.1,-1.7,0.1
8,Alec Burks,G,1,UTAH,42,15.5,50,1.2,3.7,0,0,65,SG,25,UTA,42,653,11.6,0.501,0.306,0.315,3.1,17.7,10.6,7.5,1.4,0.6,11,22.7,-0.1,0.9,0.8,0.056,-3.3,-0.9,-4.2,-0.4
9,Alex Abrines,G,0,OKC,68,15.5,114,1.7,5.2,0,0,1,SG,23,OKC,68,1055,10.1,0.56,0.724,0.144,1.9,7.1,4.5,5.5,1.7,0.6,8.3,15.9,1.2,0.9,2.1,0.096,-0.3,-2.2,-2.5,-0.1
10,Alex Len,C,0,PHX,77,20.3,242,3.1,7.4,0,4,260,C,23,PHO,77,1560,15,0.553,0.026,0.449,10.6,25.3,17.8,4.2,1.2,5.1,15.5,17.6,1.2,1.7,3,0.091,-3,1.3,-1.7,0.1
11,Alex Poythress,F,1,PHI,6,26.2,14,2.3,4.3,0,0,366,PF,23,PHI,6,157,13.2,0.548,0.352,0.185,7.7,12.7,10.2,5.1,0.9,1,4.9,16.9,0.2,0.1,0.3,0.099,-0.6,-1.9,-2.5,0
12,Alexis Ajinca, C,1,NO,39,15,77,2,6.3,0,1,5,C,28,NOP,39,584,12.9,0.529,0.022,0.225,8.3,23.8,16,3.1,1.7,3.1,13.7,17.2,0,0.9,1,0.08,-5.1,1,-4.1,-0.3
13,Allen Crabbe,G,1,POR,79,28.5,171,2.2,3.6,0,0,92,SG,24,POR,79,2254,11.6,0.602,0.467,0.192,0.9,10.2,5.6,6.1,1.2,0.7,8.1,14.9,3.1,1,4.2,0.089,0.3,-1.3,-1,0.6
14,Alonzo Gee,F,1,DEN,13,6.8,14,1.1,7.6,0,0,149,SF,29,DEN,13,89,3.1,0.306,0.214,0.643,5,13.5,9.3,8.2,2.7,0.9,18.2,10.5,-0.1,0.1,-0.1,-0.032,-5.6,1,-4.6,-0.1
15,Amir Johnson, C,1,BOS,80,20.1,211,2.6,6.3,2,1,226,PF,29,BOS,80,1608,15,0.628,0.178,0.27,8.3,17,12.7,13,1.6,3.2,15.7,13.6,2.9,2.1,5,0.149,-0.2,2.4,2.2,1.7
16,Anderson Varejao, C,0,GS,14,6.6,16,1.1,8.3,0,0,443,C,34,GSW,14,92,9.4,0.478,0,0.786,15.3,16.8,16.1,13,1.6,2.6,29.8,12.6,0,0.1,0.2,0.097,-3.2,2.5,-0.6,0
17,Andre Drummond, C,1,DET,81,29.7,237,2.9,4.7,3,2,115,C,23,DET,81,2409,20.9,0.518,0.008,0.39,15.1,36.2,25.2,6,2.6,3.1,12.5,22.4,1.4,5.3,6.7,0.133,-2.1,2.9,0.9,1.8
18,Andre Roberson,G,1,OKC,79,30.1,204,2.6,4.1,0,1,377,SF,25,OKC,79,2376,9.6,0.51,0.397,0.24,4.6,14.2,9.4,4.6,1.9,2.7,9.1,10.1,1.1,3.1,4.2,0.085,-2.1,2.1,0,1.2
19,Andrew Bogut, C,0,CLE/DAL,27,21.6,86,3.2,7.1,3,2,51,C,32,TOT,27,583,9.3,0.46,0.012,0.136,10.6,33.9,21.7,12.3,1.2,3.9,33.4,10.4,-0.3,1,0.7,0.055,-5.6,5.3,-0.3,0.3
20,Andrew Harrison,G,1,MEM,72,20.5,194,2.7,6.3,1,2,182,PG,22,MEM,72,1474,8.7,0.477,0.433,0.539,1.7,9,5.3,20,1.9,1.4,16,16.4,0,1.5,1.6,0.051,-2.4,0,-2.4,-0.2
21,Andrew Nicholson,F,1,BKN/WSH,38,9,55,1.4,7.7,0,1,327,PF,27,TOT,38,342,5.9,0.427,0.243,0.126,4.9,14.6,9.8,4.1,2.3,1.5,12.7,17,-0.5,0.4,-0.1,-0.019,-5.9,-0.5,-6.4,-0.4
22,Anthony Bennett,F,1,BKN,23,11.5,18,0.8,3.3,0,0,42,PF,23,BRK,23,264,14.7,0.533,0.522,0.391,10.2,21,15.6,7.1,0.9,0.9,10,19.4,0.3,0.2,0.5,0.09,-0.8,-2.2,-3,-0.1
23,Anthony Brown, F,NA,MIN,1,4,0,0,0,0,0,59,SF,24,TOT,11,159,7.2,0.43,0.54,0,5.3,16.9,11,7.6,1.5,0.5,10.7,15.6,-0.2,0.2,0,0.001,-3.8,-0.2,-4,-0.1
24,Anthony Brown, F,1,NO/ORL,11,14.5,15,1.4,4.5,0,0,59,SF,24,TOT,11,159,7.2,0.43,0.54,0,5.3,16.9,11,7.6,1.5,0.5,10.7,15.6,-0.2,0.2,0,0.001,-3.8,-0.2,-4,-0.1
25,Anthony Tolliver,F,1,SAC,65,22.7,109,1.7,3.5,0,0,431,PF,31,SAC,65,1477,11.1,0.595,0.655,0.234,4,14.4,9.3,7.7,1.2,1.2,12.6,13.6,1.5,0.8,2.3,0.075,0.2,-0.7,-0.4,0.6
26,Arinze Onuaku,F,1,ORL,8,3.5,3,0.4,5.1,0,0,341,C,29,ORL,8,28,5.8,0.5,0,0,7.6,16,11.7,9.9,0,2.9,33.3,9.4,0,0,0,-0.005,-6.5,0.7,-5.9,0
27,Aron Baynes,F,0,DET,75,15.5,166,2.2,6.9,0,0,34,C,30,DET,75,1163,13.1,0.57,0,0.337,10,21.6,15.6,3.9,0.7,2.8,13.5,14.1,1.4,1.5,3,0.123,-2.9,1.1,-1.8,0.1
28,Arron Afflalo,G,1,SAC,61,25.9,104,1.7,3.2,1,0,4,SG,31,SAC,61,1580,8.9,0.559,0.36,0.221,0.7,8.4,4.6,7.4,0.7,0.3,8.4,14.4,1.2,0.2,1.4,0.043,-1.4,-2.1,-3.5,-0.6
29,Austin Rivers,G,1,LAC,74,27.8,187,2.5,4.4,0,5,376,SG,24,LAC,74,2054,11.4,0.545,0.409,0.261,1.1,7.5,4.4,15,1.2,0.4,12.4,20.3,1.2,1.3,2.5,0.059,-0.1,-1.5,-1.6,0.2
30,Avery Bradley,G,1,BOS,55,33.4,141,2.6,3.7,0,1,55,SG,26,BOS,55,1835,14.4,0.548,0.357,0.12,4,16.2,10.1,11,1.8,0.5,9.7,21.9,1.1,2,3.1,0.081,-0.2,-0.4,-0.5,0.7
31,Axel Toupane,G,1,NO/MIL,4,11.8,6,1.5,6.1,0,0,432,SF,24,TOT,4,47,6.2,0.611,0.444,0,0,2.3,1.1,0,1,1.7,0,8.5,0,0,0.1,0.061,-2.8,-1,-3.8,0
32,Ben Bentil,F,1,DAL,3,3.3,1,0.3,4.8,0,0,43,PF,21,DAL,3,10,-17.6,0,0.333,0,0,24.4,11.6,0,0,0,25,18.9,-0.1,0,-0.1,-0.473,-22.4,-4.5,-26.9,-0.1
33,Ben McLemore,G,1,SAC,61,19.3,108,1.8,4.4,0,0,295,SG,23,SAC,61,1176,9.8,0.538,0.406,0.222,1.9,10.7,6.3,6.9,1.2,0.5,11.9,20.1,-0.1,0.5,0.4,0.015,-2.2,-2.7,-4.9,-0.9
34,Bismack Biyombo, C,1,ORL,81,22.1,202,2.5,5.4,1,3,46,C,24,ORL,81,1793,12.2,0.546,0,0.69,9.3,25.6,17.2,6,0.7,4.1,17.7,13.2,0.8,2.1,2.9,0.077,-4.2,2,-2.2,-0.1
35,Blake Griffin,F,0,LAC,61,34,157,2.6,3.6,2,4,168,PF,27,LAC,61,2076,22.6,0.569,0.116,0.434,6.2,20.2,13.4,24.5,1.4,0.9,10.9,28,5.4,2.4,7.7,0.179,3.2,1.3,4.4,3.4
36,Boban Marjanovic, C,0,DET,35,8.4,25,0.7,4.1,0,0,282,C,28,DET,35,293,29.6,0.606,0,0.439,16.5,32.5,24.2,5.3,1,3.4,6,25.3,1.2,0.5,1.7,0.28,1,-0.9,0.1,0.2
37,Bobby Portis,F,1,CHI,64,15.6,94,1.5,4.5,0,1,362,PF,21,CHI,64,1000,14.9,0.545,0.256,0.157,8,24,16,5.7,0.8,0.9,8.4,19.1,1.1,1.2,2.4,0.114,-1.6,-1.5,-3,-0.3
38,Brandan Wright, F,1,MEM,28,16,42,1.5,4.5,0,0,476,PF,29,MEM,28,447,18.5,0.628,0.007,0.259,7.7,12.4,10,6,1.3,4.3,6.2,16.3,1.1,0.5,1.6,0.177,0,1.3,1.3,0.4
39,Brandon Bass,F,1,LAC,52,11.1,45,0.9,3.7,0,0,31,PF,31,LAC,52,577,19.7,0.65,0.016,0.473,8.6,16.2,12.5,5.7,1.2,1.6,11.4,19.7,1.6,0.6,2.2,0.186,0.1,-0.8,-0.7,0.2
40,Brandon Knight,G,1,PHX,54,21.1,87,1.6,3.7,0,0,247,SG,25,PHO,54,1140,12.4,0.502,0.265,0.293,2.3,9.1,5.6,17.8,1.1,0.4,12.9,25,0.1,0.2,0.3,0.015,-1.4,-3,-4.5,-0.7
41,Briante Weber, G,1,GS/CHA,20,10.3,16,0.8,3.7,0,0,456,PG,24,TOT,20,205,11,0.462,0.167,0.267,4.3,9.6,7,15,2.9,0.4,10.7,16.3,0,0.2,0.3,0.059,-3.2,0,-3.2,-0.1
42,Brook Lopez, C,0,BKN,75,29.6,192,2.6,4.1,0,1,271,C,28,BRK,75,2222,20.4,0.578,0.33,0.311,5.8,13.3,9.6,14.8,0.8,4.2,12.1,29.2,3.1,1.8,4.9,0.105,1.9,-0.4,1.5,2
43,Bruno Caboclo, F,1,TOR,9,4.4,4,0.4,4.8,0,0,67,SF,21,TOR,9,40,14.6,0.438,0.375,0,14.2,14.1,14.1,15.1,2.5,2.2,11.1,20.1,0,0.1,0.1,0.083,0.1,0.7,0.8,0
44,Bryn Forbes,G,1,SA,36,7.9,20,0.6,3.4,0,0,137,SG,23,SAS,36,285,5.9,0.462,0.535,0.061,0.8,8.2,4.6,11.7,0.2,0,9.8,17.9,-0.2,0.2,0.1,0.014,-3.2,-2.8,-6,-0.3
45,C.J. Watson,G,1,ORL,62,16.3,84,1.4,4,0,0,455,PG,32,ORL,62,1012,9.3,0.507,0.423,0.266,1.7,8.1,4.8,16.1,2.1,0.2,14.5,14.1,0.2,0.6,0.9,0.041,-2.5,-1.1,-3.6,-0.4
46,Cameron Payne,G,1,CHI/OKC,31,14.9,52,1.7,5.4,0,1,353,PG,22,TOT,31,462,5.5,0.407,0.446,0.041,0.7,10.7,5.7,17.7,1.5,0.7,12.9,20.9,-0.8,0.4,-0.3,-0.035,-4.8,-2.2,-7,-0.6
47,Caris LeVert,G,1,BKN,57,21.7,91,1.6,3.5,0,0,264,SF,22,BRK,57,1237,12.3,0.556,0.484,0.245,2,13.9,8,13.7,1.9,0.5,12.3,16.6,0.8,1,1.8,0.07,-0.7,-0.4,-1.1,0.3
48,Carmelo Anthony,F,1,NY,74,34.3,198,2.7,3.7,1,8,17,SF,32,NYK,74,2538,17.9,0.535,0.303,0.263,2.6,16,9.3,14.5,1.2,1.1,9,29.1,3.2,1.5,4.7,0.089,1.5,-2.2,-0.7,0.8
49,Chandler Parsons,F,0,MEM,34,19.9,52,1.5,3.7,0,0,348,SF,28,MEM,34,675,7.7,0.436,0.419,0.194,1,13.6,7.1,12.8,1.5,0.7,9.1,17.8,-0.5,0.7,0.2,0.015,-3.6,-0.5,-4.1,-0.3
50,Chasson Randle, G,1,NY/PHI,26,11.5,39,1.5,6.3,0,0,369,PG,23,TOT,26,299,13.6,0.586,0.48,0.439,2.2,9.4,5.8,16.8,1.5,0.5,14,19.7,0.5,0.1,0.7,0.106,0.3,-2.9,-2.6,0
51,Cheick Diallo,F,1,NO,17,11.7,17,1,4.1,0,0,109,PF,20,NOP,17,199,16.8,0.51,0,0.276,12.1,26.7,19.4,3.2,1,2.9,7.6,20.5,0.2,0.3,0.5,0.111,-4.6,-1,-5.6,-0.2
52,Chinanu Onuaku, C,1,HOU,5,10.4,6,1.2,5.5,0,0,342,C,20,HOU,5,52,12.3,0.799,0,0.571,4.2,16.8,10.5,7.8,2.8,1.6,31.3,10.4,0.1,0.1,0.1,0.123,-2.4,1.8,-0.6,0
53,Chris Andersen,F,0,CLE,12,9.5,20,1.7,8.4,0,0,11,C,38,CLE,12,114,11.6,0.497,0.136,0.636,9,20.6,15,5.9,2.2,5,15.1,13,0.1,0.2,0.2,0.102,-3.8,3,-0.9,0
54,Chris McCullough, F,1,BKN/WSH,16,5,7,0.4,4.2,0,0,290,PF,21,TOT,16,80,15.2,0.526,0.219,0.156,12.1,13.3,12.7,4.4,1.2,1.9,8.1,19.9,0.1,0.1,0.1,0.072,-1.9,-2.6,-4.6,-0.1
55,Chris Paul,G,1,LAC,61,31.5,146,2.4,3.6,2,9,351,PG,31,LAC,61,1921,26.2,0.614,0.385,0.331,2.4,15,8.9,46.8,3.1,0.3,14,24.4,7.9,2.6,10.6,0.264,7.8,1.1,8.8,5.3
56,Christian Wood,F,1,CHA,13,8.2,11,0.8,4.9,0,0,474,PF,21,CHO,13,107,15.1,0.591,0.217,0.652,14.3,15.5,14.9,2.8,1.4,4.9,19.1,15.4,0.1,0.1,0.3,0.125,-2.5,0.6,-2,0
57,CJ McCollum,G,1,POR,80,35,202,2.5,3.5,1,4,288,SG,25,POR,80,2796,19.9,0.585,0.305,0.204,2.4,9.1,5.7,18,1.3,1.2,9.9,27.5,6.2,1.4,7.6,0.131,3.2,-2.3,1,2.1
58,Clint Capela, C,1,HOU,65,23.9,179,2.8,5.5,1,1,71,C,22,HOU,65,1551,21.4,0.638,0,0.314,12.5,24.5,18.5,6.7,1.1,4.1,12,19.9,3.8,2.1,5.9,0.184,0,0.9,0.9,1.1
59,Cody Zeller,F,0,CHA,62,27.8,189,3,5.3,0,2,482,C,24,CHO,62,1725,16.7,0.604,0.002,0.442,8.6,17.3,12.9,9.1,1.8,3,10.9,15.5,3.4,2.2,5.6,0.157,-0.2,2.3,2.1,1.8
60,Cole Aldrich, C,0,MIN,62,8.6,85,1.4,7.7,0,0,6,C,28,MIN,62,531,12.7,0.549,0,0.256,11,23.9,17.4,6.4,2.4,3.7,15.1,9.4,0.6,0.7,1.3,0.116,-2,2.6,0.6,0.4
61,Cristiano Felicio,F,1,CHI,66,15.8,110,1.7,5.1,0,1,133,C,24,CHI,66,1040,15.3,0.603,0,0.421,12.8,19.5,16.1,5.7,1.2,1.3,11.2,12.4,2.1,1.3,3.4,0.158,-0.6,0.6,0,0.5
62,D'Angelo Russell,G,1,LAL,63,28.7,130,2.1,3.4,0,5,389,PG,20,LAL,63,1811,15.3,0.518,0.443,0.217,1.8,11.9,6.7,26.8,2.3,0.7,15.6,26.6,0.3,1,1.3,0.033,1.1,-1.6,-0.5,0.7
63,Dahntay Jones,G,1,CLE,1,12,1,1,4,0,0,234,SF,36,CLE,1,12,14.7,0.461,0.25,0.5,9.5,8.9,9.2,14.5,0,0,9.3,39.9,0,0,0,-0.03,-3.8,-7.1,-10.9,0
64,Damian Jones, C,1,GS,10,8.5,15,1.5,8.5,0,0,235,C,21,GSW,10,85,5.3,0.466,0,0.625,12.4,17,14.8,0,0.6,3.7,22.7,13.4,-0.1,0.1,0,0.018,-7.5,-2.1,-9.6,-0.2
65,Damjan Rudez,F,0,ORL,45,7,31,0.7,4.7,0,0,387,SF,30,ORL,45,314,6.3,0.466,0.727,0,1.7,7.1,4.3,9.2,1.9,0.3,9.3,13.6,-0.1,0.2,0.1,0.008,-2.8,-1.9,-4.6,-0.2
66,Daniel Ochefu,F,1,WSH,19,3.9,17,0.9,10.9,0,0,337,C,23,WAS,19,75,6.6,0.43,0,0.074,7.6,25.4,16.5,5.8,1.3,0,9.7,18,-0.1,0.1,0,0.005,-6.5,-1.9,-8.4,-0.1
67,Danny Green,G,1,SA,68,26.6,120,1.8,3.2,0,2,163,SG,29,SAS,68,1807,10.1,0.537,0.693,0.071,2,11.8,7,9.6,2,2.6,14.1,13.5,0.4,3,3.4,0.09,-0.3,2.7,2.4,2
68,Dante Exum,G,1,UTAH,66,18.6,146,2.2,5.7,0,1,128,PG,21,UTA,66,1228,8.5,0.521,0.41,0.201,2.9,9.3,6.2,14.1,0.9,0.8,16.8,18.1,-0.1,1.3,1.2,0.046,-2,-0.5,-2.5,-0.1
69,Dario Saric,F,0,PHI,81,26.3,162,2,3.7,0,2,392,PF,22,PHI,81,2129,12.8,0.508,0.368,0.237,5.8,20.8,13.3,14.3,1.3,1.1,15.2,24.6,-1.2,2.2,1,0.023,-2,-0.2,-2.2,-0.1
70,Darrell Arthur, F,1,DEN,41,15.6,76,1.9,5.7,0,0,20,PF,28,DEN,41,639,12.8,0.583,0.544,0.102,4.4,14.9,9.7,9.3,1.5,2.5,13.8,17.3,0.6,0.4,1.1,0.081,0.3,-0.6,-0.3,0.3
71,Darrun Hilliard, G,1,DET,39,9.8,39,1,4.9,0,0,197,SG,23,DET,39,381,5.9,0.459,0.365,0.222,0.6,9.2,4.7,12.3,1.5,0.4,16.8,19.3,-0.6,0.4,-0.2,-0.027,-5,-1.1,-6.1,-0.4
72,David Nwaba,G,1,LAL,20,19.9,36,1.8,4.4,0,0,334,SG,24,LAL,20,397,12.2,0.611,0.062,0.481,4.5,13.1,8.7,5,1.6,1.4,10.1,11.8,0.6,0.2,0.8,0.091,-1.7,-0.3,-1.9,0
73,David West, F,1,GS,68,12.6,105,1.5,5.9,1,6,457,C,36,GSW,68,854,16.6,0.571,0.032,0.222,6.5,18.8,13,24.1,2.4,4.4,22,17.9,0.9,1.7,2.6,0.148,-1.7,3.9,2.2,0.9
74,Davis Bertans,F,0,SA,67,12.1,75,1.1,4.5,0,1,44,PF,24,SAS,67,808,12.9,0.609,0.739,0.145,3.2,10.4,6.9,8.3,1.3,2.8,11.4,15.7,1.1,1.2,2.3,0.135,1.2,0.6,1.8,0.8
75,DeAndre Jordan, C,1,LAC,81,31.7,212,2.6,4,1,14,240,C,28,LAC,81,2570,21.8,0.673,0.003,0.737,13.3,34.6,24.2,5.7,1,4.3,13.1,15.3,7.2,4.6,11.8,0.221,1,3,4.1,3.9
76,DeAndre Liggins, G,1,CLE/DAL,62,12.5,81,1.3,5,0,1,265,SG,28,TOT,62,777,7.5,0.476,0.324,0.282,2.9,12.2,7.7,9.2,3,1.5,20.8,11.6,-0.4,0.9,0.5,0.031,-3.9,1.8,-2.1,0
77,Dejounte Murray,G,1,SA,38,8.5,29,0.8,4.3,0,0,317,PG,20,SAS,38,322,9.6,0.503,0.198,0.259,2.2,12.4,7.4,22.6,1.3,1.5,22.7,23.5,-0.4,0.5,0,0.004,-4.6,-0.2,-4.8,-0.2
78,Delon Wright,G,1,TOR,27,16.5,31,1.1,3.3,0,0,477,PG,24,TOR,27,446,15,0.535,0.259,0.474,4.1,8.1,6.1,18.2,3.1,2.1,15.1,16.6,0.5,0.6,1.1,0.117,-0.1,1.2,1.1,0.4
79,DeMarcus Cousins, C,1,NO/SAC,72,34.2,278,3.9,5.4,0,18,90,C,26,TOT,72,2465,25.8,0.562,0.253,0.468,7,29.2,18.2,25.8,2,3.4,13.5,36.5,3.9,3.8,7.6,0.149,3.9,2.6,6.6,5.3
80,Denzel Valentine,G,1,CHI,57,17.1,86,1.5,4.2,0,0,441,SG,23,CHI,57,976,7.3,0.492,0.722,0.063,1.2,15.6,8.3,9.3,1.5,0.6,14.2,15.4,-0.5,1.1,0.6,0.031,-2.4,-0.3,-2.7,-0.2
81,Deron Williams,G,1,CLE/DAL,64,25.9,138,2.2,4,0,3,465,PG,32,TOT,64,1657,14,0.541,0.39,0.182,0.9,9.4,5.1,35.9,1,0.4,17.6,22.1,1.5,0.9,2.4,0.069,0.2,-2.4,-2.3,-0.1
82,Derrick Favors,F,1,UTAH,50,23.7,103,2.1,4.2,1,0,131,PF,25,UTA,50,1186,15.8,0.512,0.024,0.261,9.2,20.2,14.9,7.9,2,2.7,11.4,20.7,0.5,2.2,2.7,0.109,-2.4,2.3,-0.1,0.6
83,Derrick Rose,G,NA,CLE/MIN,25,16.8,16,0.6,1.8,0,0,383,PG,28,NYK,64,2082,17,0.53,0.061,0.259,3.4,9.3,6.4,22.8,1.1,0.7,11.9,25.7,2.4,0.6,3,0.068,0.2,-2.2,-1.9,0
84,Derrick Williams,F,NA,LAL,2,4.5,0,0,0,0,0,466,PF,25,TOT,50,804,10.6,0.537,0.398,0.365,2.6,15.1,8.9,5.1,0.9,0.7,9,17.2,0.4,0.6,1.1,0.064,-2.4,-1.8,-4.2,-0.4
85,Derrick Williams,F,1,CLE/MIA,50,16.1,60,1.2,3.6,1,0,466,PF,25,TOT,50,804,10.6,0.537,0.398,0.365,2.6,15.1,8.9,5.1,0.9,0.7,9,17.2,0.4,0.6,1.1,0.064,-2.4,-1.8,-4.2,-0.4
86,Devin Booker,G,1,PHX,78,35,242,3.1,4.3,0,11,53,SG,20,PHO,78,2730,14.6,0.531,0.283,0.308,1.8,8.3,5,16.3,1.3,0.6,12.9,28.6,1.3,0.6,2,0.035,0.4,-2.7,-2.3,-0.2
87,Devin Harris,G,1,DAL,65,16.7,101,1.6,4.5,0,4,176,PG,33,DAL,65,1087,13.8,0.549,0.519,0.378,1.1,13,6.8,20,2.1,0.6,12.5,19.7,1.1,1.1,2.2,0.096,-0.1,-0.3,-0.4,0.4
88,Dewayne Dedmon, C,1,SA,76,17.5,180,2.4,6.5,0,2,103,C,27,SAS,76,1330,16,0.645,0,0.359,11.2,30.6,21.1,4.8,1.4,3.7,16.9,12.3,2.3,3,5.2,0.189,-1.6,3.2,1.7,1.2
89,Deyonta Davis, C,1,MEM,36,6.6,40,1.1,8.1,0,0,101,C,20,MEM,36,238,10.6,0.528,0,0.383,9.3,19.8,14.4,1.3,0.7,6.8,12.7,12,0.1,0.4,0.5,0.097,-5.4,1.8,-3.7,-0.1
90,Diamond Stone, C,1,LAC,7,3.4,5,0.7,10,0,1,415,C,19,LAC,7,24,-1.2,0.339,0,0.308,4.8,22.7,14,0,0,3.4,11.9,31.3,-0.1,0,-0.1,-0.211,-17.3,-6.8,-24.1,-0.1
91,Dion Waiters,G,1,MIA,46,30.1,95,2.1,3.3,1,3,450,SG,25,MIA,46,1384,14.5,0.507,0.324,0.192,1.4,10.9,6.1,23.8,1.5,1.1,12.5,26.3,0.2,1.5,1.6,0.057,-0.1,-0.8,-0.9,0.4
92,Dirk Nowitzki,F,0,DAL,54,26.4,113,2.1,3.8,0,0,332,PF,38,DAL,54,1424,17,0.529,0.308,0.165,1.8,28.3,14.4,10.6,1.1,2.4,6.6,25.8,0.6,1.9,2.5,0.084,-1.6,0.3,-1.3,0.2
93,Domantas Sabonis,F,0,OKC,81,20.1,200,2.5,5.9,0,0,390,PF,20,OKC,81,1632,6.9,0.469,0.331,0.139,3.1,16.4,9.8,7.2,1.2,1.6,14,15.4,-1,1.8,0.8,0.022,-4.7,-0.1,-4.8,-1.2
94,Donatas Motiejunas,F,0,NO,34,14.1,55,1.6,5.5,0,0,313,PF,26,NOP,34,479,9.1,0.47,0.341,0.355,5.7,16.6,11.1,9.7,1.8,1.9,16.3,17.6,-0.5,0.6,0.2,0.016,-4.2,1.1,-3.1,-0.1
95,Dragan Bender,F,0,PHX,43,13.3,74,1.7,6.2,0,1,41,PF,19,PHO,43,574,5.3,0.44,0.627,0.068,4.2,15.6,9.7,5.5,0.8,3.1,16.2,14.4,-0.7,0.3,-0.3,-0.029,-4,-0.3,-4.3,-0.3
96,Draymond Green,F,1,GS,76,32.5,217,2.9,4.2,2,15,164,PF,26,GSW,76,2471,16.5,0.522,0.405,0.328,4.7,20.9,13.3,27.6,3,3.4,19.8,16.2,2.8,5.4,8.2,0.16,0.5,5,5.4,4.6
97,Dwight Howard, C,1,ATL,74,29.7,203,2.7,4.4,3,13,205,C,31,ATL,74,2199,20.8,0.627,0.003,0.692,15,31.7,23.5,7.8,1.4,3.6,17.5,19.2,3.8,4.5,8.3,0.181,-0.5,2.8,2.3,2.4
98,Ed Davis,F,1,POR,46,17.2,137,3,8.3,0,0,102,PF,27,POR,46,789,11.5,0.563,0,0.57,13.4,20.9,17.1,4.6,0.9,2.2,17.2,12,1,0.7,1.7,0.104,-2.2,0.1,-2.1,0
99,Edy Tavares, C,1,ATL/CLE,2,14,3,1.5,5.1,0,0,418,C,24,TOT,2,28,21.3,0.633,0,0.6,16.3,26.8,21.6,5.1,0,17.3,24,13.2,0,0.1,0.1,0.15,-3.8,7.7,3.9,0
100,Elfrid Payton,G,1,ORL,82,29.4,177,2.2,3.5,0,2,354,PG,22,ORL,82,2412,17.2,0.52,0.16,0.231,3.9,13.9,8.7,35.7,1.8,1.3,15,21.6,2.4,2,4.4,0.088,0.7,0.2,0.9,1.7
101,Elijah Millsap,G,1,PHX,2,11.5,2,1,4.2,0,0,305,SG,29,PHO,2,23,-3.4,0.19,0.286,0.286,13.8,14.6,14.2,5.6,0,0,20.2,18,-0.1,0,-0.1,-0.233,-10,-3.3,-13.2,-0.1
102,Emmanuel Mudiay,G,1,DEN,55,25.6,95,1.7,3.2,0,0,315,PG,20,DEN,55,1406,10.9,0.483,0.323,0.303,2.3,11.6,7,21.8,1.4,0.7,16.5,22.6,-0.4,0.5,0.2,0.006,-2,-1.7,-3.7,-0.6
103,Eric Bledsoe,G,1,PHX,66,33,164,2.5,3.6,0,5,49,PG,27,PHO,66,2176,20.5,0.563,0.3,0.443,2.5,13.8,8,31.1,2,1.2,15.3,28.1,4,1.4,5.3,0.118,3.7,-0.4,3.3,2.9
104,Ersan Ilyasova,F,0,ATL/PHI/OKC,82,26.1,211,2.6,4.7,0,2,212,PF,29,TOT,82,2142,14.6,0.546,0.452,0.233,5.9,18.8,12.4,11,1.3,0.9,10.6,22.2,1.8,2.3,4.1,0.091,0.3,-0.8,-0.5,0.8
105,Evan Fournier,G,1,ORL,68,32.9,180,2.6,3.9,0,4,138,SG,24,ORL,68,2234,13.9,0.555,0.387,0.298,2.1,8.3,5.1,14.8,1.5,0.1,11.8,23.5,1.7,1.1,2.8,0.059,0.8,-2.2,-1.3,0.4
106,Evan Turner,G,1,POR,65,25.5,121,1.9,3.5,0,4,435,SF,28,POR,65,1658,11.4,0.491,0.214,0.187,2.4,14.2,8.3,18.4,1.6,1.2,14.3,18.5,0,1.2,1.2,0.035,-2.5,-0.1,-2.6,-0.3
107,Fred VanVleet,G,1,TOR,37,7.9,36,1,5.9,0,0,442,PG,22,TOR,37,294,10.5,0.443,0.261,0.198,1.5,14.6,8.1,17.5,2.8,0.9,11.1,20.6,-0.1,0.4,0.2,0.04,-3.2,0,-3.2,-0.1
108,Garrett Temple,G,1,SAC,65,26.6,141,2.2,3.9,0,0,422,SG,30,SAC,65,1728,11.2,0.545,0.509,0.171,2.2,10.1,6.2,14.4,2.5,1.5,14.4,14.2,0.9,1.3,2.2,0.061,-0.3,0.6,0.3,1
109,George Hill,G,1,UTAH,49,31.5,114,2.3,3.5,0,1,194,PG,30,UTA,49,1544,19.3,0.599,0.384,0.323,1.8,10.5,6.2,22.8,1.7,0.6,10.9,23.5,4,1.9,5.9,0.182,3.9,-0.2,3.6,2.2
110,Georges Niang,F,NA,UTAH,9,3.6,1,0.1,1.5,0,0,326,PF,23,IND,23,93,0.1,0.285,0.333,0.056,2.4,17.9,10.3,7.5,1.6,0,11.9,20.2,-0.4,0.1,-0.3,-0.168,-9.9,-2.2,-12,-0.2
111,Georgios Papagiannis, C,0,SAC,22,16.1,44,2,5.9,0,1,345,C,19,SAC,22,355,12.7,0.573,0.02,0.137,7.9,20,14,9,0.4,4.4,18.2,16.9,0.1,0.3,0.4,0.057,-3.5,0.8,-2.7,-0.1
112,Gerald Green,G,1,BOS,47,11.4,48,1,4.3,0,0,165,SF,31,BOS,47,538,11.9,0.524,0.478,0.177,3.3,13.9,8.7,9.8,0.8,1.1,9.1,22.7,0.1,0.4,0.6,0.05,-2,-2.8,-4.7,-0.4
113,Giannis Antetokounmpo,F,1,MIL,80,35.6,246,3.1,4.2,0,3,16,SF,22,MIL,80,2845,26.1,0.599,0.143,0.486,5.9,22.6,14.3,26.6,2.3,4.7,13.3,28.3,7.9,4.5,12.4,0.21,4.1,3.5,7.6,6.9
114,Goran Dragic,G,0,MIA,73,33.7,199,2.7,3.9,1,6,114,PG,30,MIA,73,2459,19.8,0.575,0.257,0.335,2.8,9.9,6.3,29,1.8,0.4,14.1,27.1,5,2.6,7.5,0.147,3.4,-0.7,2.7,2.9
115,Gorgui Dieng, C,1,MIN,82,32.4,254,3.1,4.6,1,3,111,PF,27,MIN,82,2653,14.2,0.555,0.065,0.253,8.1,20.5,14.2,8.6,1.7,3.1,12.7,14,3.2,2.5,5.7,0.103,-0.5,2.2,1.8,2.5
116,Greg Monroe, C,1,MIL,81,22.5,168,2.1,4.4,0,7,308,C,26,MIL,81,1823,21.1,0.572,0.006,0.329,10.8,23.1,17,17.3,2.6,1.8,14.4,24.3,3,2.6,5.6,0.147,0.5,1.5,2,1.9
117,Greivis Vasquez,G,0,BKN,3,13,6,2,7.4,0,0,444,PG,30,BRK,3,39,4.1,0.376,0.375,0.375,0,5.4,2.7,17.5,1.2,1.9,9.7,11.3,0,0,0,-0.006,-5.7,-1.8,-7.5,-0.1
118,Hassan Whiteside, C,1,MIA,77,32.6,226,2.9,4.3,1,6,461,C,27,MIA,77,2513,22.6,0.579,0,0.368,12.8,35.3,24,3.8,1.1,5,12,22.7,4.2,5.3,9.5,0.181,-2,1.5,-0.5,0.9
119,Hollis Thompson,F,1,NO/PHI,40,18.8,69,1.7,4.4,0,0,426,SG,25,TOT,40,752,7.9,0.482,0.475,0.145,2.8,13.5,8.1,6.8,1.3,0.6,4.9,13,0.1,0.6,0.7,0.047,-2.8,-0.5,-3.3,-0.2
120,Ian Mahinmi, C,1,WSH,31,17.9,90,2.9,7.8,0,3,280,C,30,WAS,31,555,14.1,0.601,0,0.676,9.6,20.8,15.2,4.7,2.9,3.6,19.1,14,0.5,0.9,1.4,0.123,-2.1,2.9,0.8,0.4
121,Isaiah Taylor, G,1,HOU,4,13,6,1.5,5.5,0,0,419,PG,22,HOU,4,52,0.3,0.19,0.286,0.286,2.1,4.2,3.1,7.1,0.9,1.6,0,6.4,-0.1,0,0,-0.028,-6.4,-0.1,-6.5,-0.1
122,Isaiah Thomas,G,1,BOS,76,33.8,167,2.2,3.1,2,14,424,PG,27,BOS,76,2569,26.5,0.625,0.439,0.441,1.9,7,4.4,32.5,1.4,0.4,10.7,34,10.9,1.6,12.5,0.234,8.7,-3.3,5.4,4.8
123,Isaiah Whitehead, G,1,BKN,73,22.5,175,2.4,5.1,0,1,460,PG,21,BRK,73,1643,7.6,0.487,0.293,0.222,2.1,9.7,5.9,17.7,1.2,1.7,20.3,18.2,-1.7,0.9,-0.8,-0.023,-4.3,-0.6,-4.9,-1.2
124,Ivica Zubac, C,0,LAL,38,16,66,1.7,5.2,0,0,486,C,19,LAL,38,609,17,0.547,0.013,0.206,7.1,21.9,14.3,8.1,1.1,4.4,10.4,20.3,0.6,0.5,1.1,0.086,-2.7,0.3,-2.5,-0.1
125,Jae Crowder,F,1,BOS,72,32.4,161,2.2,3.3,0,6,95,SF,26,BOS,72,2335,14.9,0.613,0.547,0.301,2.3,17.3,9.9,10.1,1.6,0.8,8.9,17,4.1,2.5,6.7,0.137,1.4,0.2,1.6,2.1
126,Jahlil Okafor, C,1,PHI,50,22.7,122,2.4,5.2,0,1,338,C,21,PHI,50,1134,14.8,0.546,0,0.335,7.8,15.5,11.7,9,0.9,3.4,14.4,24.1,0.1,1.1,1.2,0.05,-3.4,0.1,-3.3,-0.4
127,Jake Layman,F,0,POR,35,7.1,22,0.6,4.2,0,0,257,SF,22,POR,35,249,4.9,0.404,0.573,0.191,2.7,8,5.3,6.2,1.8,1,10.2,19,-0.4,0.1,-0.3,-0.054,-4.7,-2.7,-7.4,-0.3
128,Jakob Poeltl,C,0,TOR,54,11.6,113,2.1,8.7,0,0,360,C,21,TOR,54,626,12.2,0.589,0,0.496,14.1,15.7,14.9,2.7,1.4,2.8,17.2,12.1,0.9,0.7,1.6,0.125,-1.2,0.5,-0.7,0.2
129,Jameer Nelson, G,1,DEN,75,27.3,197,2.6,4.6,0,4,324,PG,34,DEN,75,2045,11.5,0.544,0.452,0.104,1.5,8.8,5.2,26,1.3,0.3,16.8,15.8,2.3,0.5,2.8,0.066,0.4,-2.3,-2,0
130,James Harden,G,1,HOU,81,36.4,215,2.7,3.5,2,4,172,PG,27,HOU,81,2947,27.4,0.613,0.493,0.575,3.5,20.9,12.2,50.7,2,1,19.5,34.2,11.5,3.6,15,0.245,8.7,1.5,10.1,9
131,James Johnson,F,1,MIA,76,27.4,197,2.6,4.5,0,8,228,PF,29,MIA,76,2085,17,0.564,0.333,0.28,3.5,16.6,10,20.9,1.8,3.2,16.5,22,1.9,3.2,5.1,0.117,0.5,2.3,2.8,2.5
132,James Jones,G,1,CLE,48,7.9,37,0.8,4.7,0,0,237,SF,36,CLE,48,381,11.1,0.655,0.717,0.217,0.9,9.5,5.4,5.2,0.8,2.1,9,13,0.6,0.2,0.8,0.102,0,-1.6,-1.6,0
133,James Michael McAdoo,F,1,GS,52,8.8,47,0.9,4.9,0,0,286,PF,24,GSW,52,457,13.1,0.543,0.068,0.359,8.7,12.9,10.9,5.2,1.9,5,12.3,14.6,0.3,0.8,1.1,0.117,-2.8,2.4,-0.4,0.2
134,James Young, G,1,BOS,29,7.6,15,0.5,3.3,0,0,478,SG,21,BOS,29,220,10,0.549,0.603,0.155,3.1,10,6.6,2.6,2.3,0.7,6.1,13.3,0.1,0.2,0.3,0.076,-2,-1.1,-3.1,-0.1
135,JaMychal Green,F,1,MEM,77,27.3,248,3.2,5.7,0,5,166,PF,26,MEM,77,2101,13.5,0.601,0.29,0.334,8.8,21.1,14.8,6.3,1.2,1.5,14.1,14.4,3.2,2.6,5.8,0.132,-0.4,1.1,0.7,1.4
136,Jared Dudley,F,1,PHX,64,21.3,154,2.4,5.4,0,1,116,PF,31,PHO,64,1362,10.6,0.579,0.587,0.188,2.4,15.9,9,12.5,1.5,0.9,16.3,13.8,1.1,0.7,1.8,0.064,-0.1,-0.1,-0.3,0.6
137,Jared Sullinger, C,1,TOR,11,10.7,17,1.5,6.9,1,0,417,PF,24,TOR,11,118,6,0.366,0.383,0.17,9.6,16.3,12.9,3.7,1.7,0.7,7.3,20.7,-0.2,0.1,-0.1,-0.031,-4.9,-2.5,-7.5,-0.2
138,Jarell Eddie, F,NA,BOS/CHI,3,3,0,0,0,0,0,120,SF,25,PHO,5,62,9.7,0.523,0.842,0.474,1.7,10.8,6.1,0,0.8,0,4.2,16.2,0.1,0,0.1,0.054,-1.5,-5.9,-7.3,-0.1
139,Jarell Martin,F,1,MEM,42,13.3,91,2.2,7.8,0,0,283,PF,22,MEM,42,558,8.7,0.477,0.166,0.331,8.4,25.3,16.6,2.2,1.6,1.5,13.9,16.4,-0.2,0.8,0.6,0.054,-5.8,-0.6,-6.4,-0.6
140,Jarnell Stokes, F,1,DEN,2,3.5,3,1.5,20.6,0,0,414,C,23,DEN,2,7,31.5,0.798,0,2,15.9,15.6,15.8,40.1,7,0,0,11.4,0.1,0,0.1,0.48,11.8,3.6,15.4,0
141,Jarrett Jack, G,1,NO,2,16.5,4,2,5.8,0,0,216,PG,33,NOP,2,33,7.7,0.773,0.333,0.667,0,0,0,20.3,3,0,43.6,9.2,0,0,0,0.06,-5.3,-4.1,-9.3,-0.1
142,Jarrod Uthoff,F,0,DAL,9,12.8,8,0.9,3.3,0,0,439,PF,23,DAL,9,115,13.9,0.487,0.237,0.184,7.7,14.9,11.1,12.8,0.9,3.1,6.8,18.1,0.1,0.1,0.2,0.083,-2.1,0.7,-1.4,0
143,Jason Smith,F,0,WSH,74,14.4,168,2.3,7.6,0,1,408,C,30,WAS,74,1068,13.6,0.598,0.237,0.155,6.8,20.4,13.6,5,1,4.2,14.2,16.7,1,1.3,2.3,0.103,-2,0.6,-1.4,0.2
144,Jeff Green,F,1,ORL,69,22.2,103,1.5,3.2,0,1,167,PF,30,ORL,69,1534,10.5,0.505,0.346,0.301,2.7,12.8,7.6,8.1,1.2,0.7,10.6,20.3,-0.2,0.9,0.7,0.022,-2.8,-1.8,-4.6,-1
145,Jeff Withey, C,0,UTAH,51,8.5,52,1,5.8,0,0,473,C,26,UTA,51,432,18.8,0.588,0.01,0.466,14.3,17.9,16.2,2.5,1.9,6,10.1,14.9,1,0.9,1.8,0.205,-1.2,2.7,1.6,0.4
146,Jeremy Lamb,G,1,CHA,62,18.4,98,1.6,4.1,0,0,252,SG,24,CHO,62,1143,17,0.55,0.297,0.263,2.9,22.6,12.7,11.3,1.2,1.8,6.8,23.2,1.4,1.3,2.7,0.115,-0.8,-0.9,-1.7,0.1
147,Jeremy Lin,G,0,BKN,36,24.5,79,2.2,4.3,0,0,267,PG,28,BRK,36,883,19.2,0.566,0.39,0.353,1.3,14.7,8.1,35.5,2.3,1.2,15.7,26.6,1.3,0.8,2.1,0.116,2.5,-0.4,2.2,0.9
148,Jerian Grant,G,1,CHI,63,16.3,93,1.5,4.3,0,0,162,PG,24,CHI,63,1028,13.2,0.555,0.445,0.243,1.8,9.9,5.8,17.4,2.3,0.6,11.7,16,1.4,1.2,2.5,0.119,0,-0.3,-0.3,0.4
149,Jimmy Butler,G,NA,MIN,59,36.7,78,1.3,1.7,0,3,66,SF,27,CHI,76,2809,25.1,0.586,0.198,0.54,4.9,13.2,9,24.8,2.6,0.9,9.3,26.5,10.1,3.8,13.8,0.236,5.8,1.1,6.9,6.3
150,Joakim Noah, C,1,NY,46,22.1,127,2.8,6,0,5,328,C,31,NYK,46,1015,15.2,0.491,0.005,0.386,17.1,25.6,21.4,14.1,1.5,3,19.7,12.6,1,1.2,2.2,0.106,-0.7,2.8,2.1,1.1
151,Joe Harris,F,0,BKN,52,21.9,121,2.3,5.1,0,0,178,SG,25,BRK,52,1138,9,0.558,0.61,0.135,1.5,12,6.8,7.3,1.2,0.5,12.5,16.5,0.1,0.6,0.8,0.032,-1.4,-1.5,-3,-0.3
152,Joe Ingles,F,0,UTAH,82,24,163,2,4,0,0,213,SF,29,UTA,82,1972,12.4,0.604,0.619,0.151,1.4,13.6,7.6,17.2,2.6,0.3,18.2,13.9,2,3,5,0.123,0.9,1.8,2.7,2.3
153,Joel Anthony,F,1,SA,19,6.4,11,0.6,4.3,0,0,18,C,34,SAS,19,122,11.6,0.64,0,0.5,7.6,20.9,14.4,3.4,0.8,4,17,8.7,0.1,0.2,0.4,0.141,-3.1,2.5,-0.6,0
154,Joel Embiid, C,1,PHI,31,25.4,112,3.6,6.8,0,2,124,C,22,PHI,31,786,24.1,0.584,0.228,0.569,8.5,25.6,17,16,1.7,7.7,17.9,36,0.5,1.5,1.9,0.117,0,3.2,3.1,1
155,John Henson, F,1,MIL,58,19.4,151,2.6,6.5,1,5,187,C,26,MIL,58,1123,15.3,0.55,0.003,0.346,9.6,20.8,15.3,7.7,1.3,6.1,12.7,16.6,1.2,1.6,2.7,0.116,-2.5,2.5,-0.1,0.6
156,Jonas Valanciunas, C,0,TOR,80,25.8,216,2.7,5,1,5,440,C,24,TOR,80,2066,20.1,0.601,0.003,0.309,12.4,29.1,20.8,4.4,0.9,2.6,11.7,19.5,4.9,3,7.9,0.183,-0.5,-0.1,-0.6,0.7
157,Jonathan Gibson, G,1,DAL,17,13.6,21,1.2,4.4,0,0,152,PG,29,DAL,17,231,9.5,0.492,0.474,0.305,0.5,11.1,5.5,18.8,1.8,0,16.3,26.3,-0.3,0.2,-0.1,-0.03,-3.3,-2.2,-5.5,-0.2
158,Jordan Crawford, G,1,NO,19,23.3,30,1.6,3.3,0,0,94,SG,28,NOP,19,442,17.6,0.582,0.436,0.119,0.9,7.2,4.1,22.7,1.2,0.4,9.8,25.5,0.6,0.3,0.9,0.102,2.6,-3,-0.4,0.2
159,Jordan Hill, C,1,MIN,7,6.7,9,1.3,9.2,0,0,195,C,29,MIN,7,47,5.5,0.432,0,0.154,19.6,15.1,17.4,0,1.1,0,22.4,16.8,-0.1,0,0,-0.033,-6.7,-6.2,-12.9,-0.1
160,Jordan McRae,G,1,CLE,37,10.4,31,0.8,3.9,0,1,296,SG,25,CLE,37,384,9.7,0.488,0.34,0.227,1.8,9.7,5.9,7.4,1,1.3,7.8,20.8,-0.1,0.2,0.2,0.02,-3.7,-2.8,-6.5,-0.4
161,Jordan Mickey, F,1,BOS,25,5.6,12,0.5,4.1,0,0,300,PF,22,BOS,25,141,9.8,0.473,0.029,0.412,10.4,16.4,13.4,7.1,1.1,3.5,18.3,15.5,-0.1,0.2,0.1,0.036,-5.7,0.9,-4.9,-0.1
162,Jose Calderon,G,0,ATL/LAL,41,13.1,36,0.9,3.2,0,0,68,PG,35,TOT,41,539,8.9,0.506,0.478,0.09,3,12.2,7.5,23.3,1,0.2,22.7,14.4,0,0.3,0.3,0.023,-2.9,-1.8,-4.7,-0.4
163,Josh McRoberts,F,0,MIA,22,17.3,31,1.4,3.9,0,1,297,PF,29,MIA,22,381,9.8,0.439,0.263,0.076,6.6,15,10.7,18.9,1.3,0.8,15.9,16.9,-0.1,0.4,0.3,0.036,-2.9,0.6,-2.4,0
164,Josh Richardson,F,1,MIA,53,30.5,132,2.5,3.9,0,2,374,SG,23,MIA,53,1614,10.7,0.493,0.442,0.15,2.4,9.2,5.8,12.7,1.9,1.9,10.6,16.8,0.3,1.9,2.2,0.066,-1,1.1,0.2,0.9
165,Juan Hernangomez,F,0,DEN,62,13.6,62,1,3.5,0,0,188,PF,21,DEN,62,842,13.4,0.592,0.504,0.339,5.7,18.7,12.3,4.7,1.7,1.1,10.7,14.6,1.2,0.6,1.8,0.104,-0.1,-1.2,-1.3,0.1
166,Julius Randle,F,1,LAL,74,28.8,248,3.4,5.6,0,7,370,PF,22,LAL,74,2132,16.3,0.543,0.082,0.365,7.4,25.8,16.3,19.3,1.1,1.4,16.2,21.4,2,1.5,3.5,0.08,-0.8,0.7,0,1.1
167,Justin Hamilton, C,0,BKN,64,18.4,91,1.4,3.7,1,1,169,C,26,BRK,64,1177,13.6,0.55,0.475,0.137,6.5,17,11.8,7.3,1.2,2.8,9.7,16.2,1,1,2.1,0.084,-0.9,0.2,-0.8,0.4
168,Justise Winslow,F,1,MIA,18,34.7,52,2.9,4,0,1,472,SF,20,MIA,18,625,8.2,0.399,0.156,0.209,4,12.7,8.3,15.5,2.1,0.8,11.8,19.8,-0.9,0.8,-0.1,-0.009,-4,1.2,-2.8,-0.1
169,Jusuf Nurkic, C,0,DEN/POR,65,21.4,161,2.5,5.6,1,1,333,C,22,TOT,65,1391,17.5,0.528,0.002,0.393,12.3,24.8,18.6,13.9,1.8,4.2,18.6,23.9,0.2,1.8,2,0.068,-2.3,2.2,-0.2,0.6
170,Karl-Anthony Towns,F,1,MIN,82,37,241,2.9,3.8,1,4,433,C,21,MIN,82,3030,25.9,0.618,0.186,0.289,11.2,27.8,19.4,13.2,0.9,2.9,11.3,27.5,9.9,2.8,12.7,0.201,4.7,0.2,4.9,5.3
171,Kay Felder, G,1,CLE,42,9.2,38,0.9,4.7,0,0,132,PG,21,CLE,42,386,11.4,0.462,0.139,0.31,0.9,10.5,5.9,22.7,2.3,1.5,14.3,24.2,-0.3,0.4,0.1,0.008,-4.8,-1.2,-6,-0.4
172,Kelly Olynyk,F,0,BOS,75,20.5,207,2.8,6.5,0,2,340,C,25,BOS,75,1538,15.3,0.603,0.378,0.242,5.3,20.7,13.1,15.2,1.4,1.5,14.6,19,2.2,1.9,4.1,0.127,0.1,0.5,0.7,1
173,Kenneth Faried,F,1,DEN,61,21.2,124,2,4.6,0,3,129,PF,27,DEN,61,1296,20.3,0.588,0.014,0.454,15.8,23.6,19.7,6.3,1.6,2.4,10.6,18.3,3.3,1.2,4.5,0.168,0.9,-0.1,0.8,0.9
174,Kent Bazemore,G,1,ATL,73,26.9,165,2.3,4,2,7,35,SF,27,ATL,73,1963,11.5,0.504,0.369,0.233,2.6,10.3,6.5,14.2,2.3,2.3,13.6,20.5,-0.6,2.8,2.1,0.052,-2,1.2,-0.8,0.6
175,Kevin Love,F,0,CLE,60,31.4,125,2.1,3.2,0,0,273,PF,28,CLE,60,1885,21.1,0.573,0.449,0.34,8.9,29.3,19.5,9.8,1.4,0.9,10.9,26.4,4,2.4,6.4,0.163,1.7,-0.9,0.8,1.3
176,Kevin Seraphin, C,1,IND,49,11.4,66,1.3,5.7,0,0,399,PF,27,IND,49,559,14.4,0.559,0.01,0.111,8.3,20,14.3,6.7,0.6,3.1,12.3,19,0.4,0.6,1,0.082,-3.1,-0.5,-3.6,-0.2
177,Kevon Looney,F,1,GS,53,8.4,64,1.2,6.9,0,0,270,C,20,GSW,53,447,13.6,0.553,0.084,0.318,11.5,18.5,15.2,8.5,1.6,3,12.2,13.4,0.7,0.8,1.4,0.155,-1.4,1.8,0.4,0.3
178,Khris Middleton,F,1,MIL,29,30.7,79,2.7,4.3,0,2,301,SF,25,MIL,29,889,15,0.57,0.312,0.276,1.5,14.5,8.1,17.5,2.3,0.7,14.8,22.5,0.7,0.9,1.6,0.085,0,-0.6,-0.5,0.3
179,Kosta Koufos, C,0,SAC,71,20,172,2.4,5.8,0,3,249,C,27,SAC,71,1419,13.8,0.56,0.003,0.158,9.7,23,16.4,5.3,1.3,3.1,12.7,15.3,1.2,1.4,2.6,0.089,-2.6,0.7,-1.9,0
180,Kris Dunn,G,1,MIN,78,17.1,178,2.3,6.4,0,3,118,PG,22,MIN,78,1333,8.1,0.432,0.233,0.188,2.1,12.6,7.3,19.4,3,2.3,20.8,14.2,-1.2,1.3,0.1,0.004,-3.7,1.5,-2.2,-0.1
181,Kris Humphries,F,0,ATL,56,12.3,69,1.2,4.8,0,0,208,PF,31,ATL,56,689,13.6,0.514,0.252,0.383,9.7,23,16.4,6.4,1.1,2.6,10.1,17.6,0.6,1.1,1.6,0.115,-3,0.3,-2.7,-0.1
182,Kristaps Porzingis,F,0,NY,66,32.8,244,3.7,5.4,0,2,363,PF,21,NYK,66,2164,17.4,0.546,0.319,0.256,5.5,18.2,11.8,7.3,1.1,4.9,9.7,24.3,2.4,2.1,4.5,0.1,0.2,0,0.2,1.2
183,Kyle Lowry,G,1,TOR,60,37.4,170,2.8,3.6,1,8,274,PG,30,TOR,60,2244,22.9,0.623,0.51,0.398,2.4,12,7.2,29.9,2,0.7,13.8,24.9,7.8,2.3,10.1,0.216,7.1,-0.5,6.6,4.9
184,Kyle O'Quinn, C,1,NY,79,15.6,174,2.2,6.8,1,1,336,C,26,NYK,79,1229,20.5,0.552,0.041,0.201,13.7,24.8,19.2,14.8,1.5,6.9,14.5,18.5,2.1,1.8,3.9,0.151,-0.1,3.7,3.5,1.7
185,Kyle Singler, F,0,OKC,32,12,29,0.9,3.6,0,0,404,SF,28,OKC,32,385,5.9,0.486,0.446,0.205,2.3,11.5,6.9,3.2,0.9,1,10.8,11.2,0,0.3,0.3,0.034,-4.6,-1.3,-5.9,-0.4
186,Kyle Wiltjer, F,0,HOU,14,3.1,4,0.3,4.4,0,0,471,PF,24,HOU,14,44,6.7,0.437,0.929,0.143,9.9,14.9,12.4,6.1,3.3,1.8,25.2,19.1,-0.1,0.1,0,-0.039,-4,0,-4,0
187,Lamar Patterson,G,1,ATL,5,8,6,1.2,7.2,0,0,349,SG,25,ATL,5,40,-1.9,0.276,0.4,0.2,2.8,16.3,9.6,21.1,1.2,0,19.7,22.2,-0.2,0,-0.1,-0.176,-9.9,-1.2,-11.2,-0.1
188,Lance Stephenson,G,1,NO/IND/MIN,18,20.1,32,1.8,4.3,0,1,413,SG,26,TOT,18,361,9.6,0.485,0.167,0.108,1.2,14.8,8,24.8,0.7,0.7,17.1,18.7,-0.2,0.2,0.1,0.008,-3.9,-1.5,-5.4,-0.3
189,Lance Thomas,F,1,NY,46,21,85,1.8,4.2,0,0,425,PF,28,NYK,46,968,8.4,0.516,0.348,0.209,3.5,12.3,7.9,5,1.1,0.4,8.6,13.1,0.6,0.4,0.9,0.046,-2.1,-1.6,-3.7,-0.4
190,Larry Sanders,F,1,CLE,5,2.6,5,1,18.5,0,0,391,C,28,CLE,5,13,6.5,0.41,0,0.5,26.3,8.2,17,0,3.8,6.2,29.1,23.6,0,0,0,-0.029,-8.7,-0.9,-9.6,0
191,Lavoy Allen, F,0,IND,61,14.3,78,1.3,4.3,0,0,8,PF,27,IND,61,871,11.6,0.485,0.006,0.196,13.7,14.5,14.1,9.1,1,2.4,13.7,10.9,0.9,0.8,1.7,0.093,-1.5,1.3,-0.3,0.4
192,Leandro Barbosa, G,1,PHX,67,14.4,82,1.2,4.1,1,0,26,SG,34,PHO,67,963,11.5,0.509,0.25,0.115,1.6,10.3,5.9,13,1.5,0.7,10.4,20,0.3,0.4,0.6,0.031,-2,-2.1,-4.1,-0.5
193,Lucas Nogueira, C,1,TOR,57,19.1,137,2.4,6,0,0,330,C,24,TOR,57,1088,15.5,0.682,0.077,0.429,8.5,16.8,12.7,5.4,2.4,7.1,19.9,9.5,1.7,2,3.7,0.164,-0.1,5.6,5.4,2
194,Luis Scola, F,0,BKN,36,12.8,63,1.8,6.6,0,0,395,PF,36,BRK,36,461,13.9,0.55,0.331,0.245,11.9,19.9,16,12.7,1.4,0.7,16.9,18.7,0.4,0.4,0.8,0.082,-0.8,-0.4,-1.1,0.1
195,Luke Babbitt, F,0,MIA,68,15.7,118,1.7,5.3,0,2,23,SF,27,MIA,68,1065,8.3,0.563,0.747,0.053,1.2,13.5,7.3,4.8,0.9,0.8,8,13,0.8,1,1.8,0.081,-1.1,-0.9,-1.9,0
196,Luol Deng,F,NA,LAL,1,13,0,0,0,0,0,107,SF,31,LAL,56,1486,10.1,0.47,0.389,0.149,4.5,17.7,10.8,7,1.6,1.1,8.7,14.2,0.1,0.8,0.9,0.029,-2.3,-0.2,-2.5,-0.2
197,Malachi Richardson,G,1,SAC,22,9,23,1,5.6,0,0,375,SG,21,SAC,22,198,9.6,0.517,0.412,0.279,1.8,11.5,6.7,8.7,1.3,0.5,9.5,19.3,0,0.1,0.1,0.028,-2.5,-3,-5.5,-0.2
198,Manu Ginobili, G,0,SA,69,18.7,119,1.7,4.4,0,1,154,SG,39,SAS,69,1291,13.9,0.532,0.517,0.244,2.5,11.1,6.9,20.8,3.2,1,16.5,20.4,0.6,2.4,3,0.11,0.5,1.4,1.9,1.3
199,Marc Gasol, C,0,MEM,74,34.2,171,2.3,3.2,1,5,145,C,32,MEM,74,2531,20.3,0.554,0.231,0.286,2.6,18.8,10.5,24.8,1.4,3.7,11.3,26.4,4.2,3.5,7.7,0.145,2.1,2.2,4.2,4
200,Marcelo Huertas,G,0,LAL,23,10.3,16,0.7,3.2,0,0,206,PG,33,LAL,23,237,9.1,0.417,0.279,0.25,0.9,10.5,5.5,30.8,2.1,0.7,20.1,17,-0.2,0.1,-0.1,-0.025,-4.6,-2.4,-7,-0.3
201,Marcin Gortat, C,0,WSH,82,31.2,213,2.6,4,0,3,159,C,32,WAS,82,2556,15.4,0.593,0.003,0.236,10.6,26.8,18.7,6.8,0.8,2,13.8,14.7,3.9,2.9,6.8,0.127,-0.9,1.2,0.3,1.5
202,Marcus Georges-Hunt, F,1,ORL,5,9.6,5,1,5,0,0,151,SG,22,ORL,5,48,10.2,0.614,0.286,1.429,2.2,18.7,10.2,8.3,1,0,14.9,12.3,0.1,0,0.1,0.107,-3.4,-1.3,-4.7,0
203,Marcus Morris,F,1,DET,79,32.5,168,2.1,3.1,1,6,310,SF,27,DET,79,2565,12.4,0.508,0.355,0.184,3.2,12.8,7.8,9.4,1,0.8,7.4,20.3,1.4,2.4,3.9,0.072,-0.3,-0.2,-0.5,1
204,Marcus Smart,G,1,BOS,79,30.4,192,2.4,3.8,2,9,405,SG,22,BOS,79,2399,12,0.486,0.443,0.334,3.7,10.4,7.1,22,2.6,1.2,15.6,18.8,0.5,2.7,3.2,0.064,-1.1,0.9,-0.3,1
205,Marcus Thornton,G,1,WSH,33,17.4,48,1.5,4,0,0,429,SG,29,WAS,33,575,10.4,0.494,0.381,0.129,4.3,10.5,7.5,10.1,1.6,0.4,10.1,18.7,0.1,0.4,0.5,0.042,-1.6,-1.5,-3.2,-0.2
206,Mario Hezonja,F,0,ORL,65,14.8,74,1.1,3.7,0,1,190,SF,21,ORL,65,960,7.2,0.45,0.436,0.152,2.2,14.7,8.3,9.6,1.5,1.3,14.1,18.8,-1.4,0.8,-0.7,-0.033,-4.8,-0.9,-5.7,-0.9
207,Markieff Morris,F,1,WSH,76,31.2,254,3.3,5.1,4,10,311,PF,27,WAS,76,2374,13.7,0.54,0.22,0.242,5.1,18.2,11.7,7.8,1.7,1.5,11.6,20.5,1.6,2.5,4.1,0.083,-1.3,0.3,-1,0.6
208,Marquese Chriss,F,1,PHX,82,21.3,263,3.2,7.2,2,11,79,PF,19,PHO,82,1743,12.3,0.529,0.354,0.286,5.8,16.1,10.8,5.2,1.8,3.2,13.2,19.7,0.3,1.5,1.8,0.05,-1.6,0,-1.6,0.2
209,Marreese Speights, F,1,LAC,82,15.7,229,2.8,8.5,0,2,410,C,29,LAC,82,1286,17.5,0.584,0.505,0.25,7.9,24.1,16.2,8,0.9,2.6,10.2,23.6,2.5,1.7,4.2,0.155,1.5,-0.8,0.7,0.9
210,Marshall Plumlee, C,0,NY,21,8.1,23,1.1,6.5,0,0,357,C,24,NYK,21,170,10.9,0.521,0,0.633,14.5,17.8,16.2,8.1,1.2,1.9,23.8,12.8,0,0.1,0.2,0.048,-2.9,0.1,-2.8,0
211,Mason Plumlee,F,0,DEN/POR,81,26.5,226,2.8,5.1,1,3,358,C,26,TOT,81,2148,18.1,0.558,0.01,0.482,8.8,22.4,15.6,19.8,1.6,3.4,15.1,18.1,3.6,2.4,6,0.135,0,2.6,2.7,2.5
212,Matt Barnes,F,1,GS/SAC,74,24,185,2.5,5,4,7,29,SF,36,TOT,74,1777,10.3,0.514,0.556,0.188,4.6,19.7,12.3,15.7,1.3,1.3,17.3,15.6,0.3,1.7,2,0.053,-1.2,0.6,-0.6,0.6
213,Maurice Harkless,F,1,POR,77,28.9,214,2.8,4.6,0,1,173,SF,23,POR,77,2223,13.1,0.57,0.311,0.199,6.2,10.8,8.5,5.9,1.9,2.5,11.2,15.2,2.3,1.9,4.2,0.091,0,0.7,0.7,1.5
214,Maurice Ndour,F,1,NY,32,10.3,30,0.9,4.4,0,1,322,PF,24,NYK,32,331,11.3,0.503,0.081,0.302,7.1,13.7,10.4,3.5,2.3,2,11,14.3,0.1,0.3,0.4,0.059,-3.5,-0.3,-3.8,-0.1
215,Metta World Peace,F,1,LAL,25,6.4,18,0.7,5.4,0,0,475,SF,37,LAL,25,160,6.5,0.38,0.559,0.235,3.3,10.6,6.8,9.8,3,1,8.5,21.9,-0.3,0.1,-0.2,-0.061,-4.1,-2.1,-6.2,-0.2
216,Meyers Leonard,F,0,POR,74,16.5,172,2.3,6.8,0,4,262,PF,24,POR,74,1222,8.9,0.507,0.563,0.106,2.4,19.1,10.8,8.4,0.5,1.8,8.1,15.5,0.5,0.8,1.4,0.053,-2.1,-1.3,-3.3,-0.4
217,Michael Beasley,F,1,MIL,56,16.7,92,1.6,4.7,0,1,38,PF,28,MIL,56,935,17.8,0.584,0.106,0.259,5,18.9,12,9.9,1.5,2.5,12.7,25.3,0.8,1,1.8,0.092,-1.7,-1.1,-2.9,-0.2
218,Michael Carter-Williams,G,1,CHI,45,18.8,102,2.3,5.8,0,1,74,PG,25,CHI,45,846,9.9,0.437,0.209,0.252,3,16.6,9.8,20,2.3,2.2,16.3,20.9,-1,1.3,0.2,0.013,-4.1,1.7,-2.4,-0.1
219,Michael Kidd-Gilchrist,F,1,CHA,81,29,187,2.3,3.8,0,0,245,SF,23,CHO,81,2349,14.3,0.528,0.015,0.314,7.3,19.3,13.2,7.4,1.7,2.9,7.4,14.6,2.7,3.1,5.8,0.119,-2,2.2,0.2,1.3
220,Mike Dunleavy,G,0,ATL/CLE,53,15.9,67,1.3,3.8,0,0,117,SF,36,TOT,53,841,10.1,0.573,0.609,0.205,2.4,12.4,7.5,8.6,0.9,0.7,10.5,14,0.8,0.7,1.5,0.086,-1,-1.2,-2.2,0
221,Mike Tobey, C,0,CHA,2,12.5,2,1,3.8,0,0,430,C,22,CHO,2,25,-0.1,0.25,0,0,8.7,4.4,6.6,5.4,0,0,20,9,0,0,0,-0.07,-7.4,-1.5,-8.9,0
222,Miles Plumlee, C,0,MIL/CHA,45,10.8,73,1.6,7.2,0,0,359,C,28,TOT,45,484,8.4,0.518,0,0.424,9,13.3,11.1,6.1,1.9,2.4,21.6,13.1,-0.1,0.5,0.5,0.045,-4.4,0.7,-3.6,-0.2
223,Mindaugas Kuzminskas, F,0,NY,68,14.9,79,1.2,3.7,0,0,250,SF,27,NYK,68,1016,12.4,0.533,0.455,0.184,5,8.4,6.7,10.3,1.4,0.9,11.3,19.2,0.8,0.4,1.2,0.055,-0.2,-2.5,-2.7,-0.2
224,Mindaugas Kuzminskas, F,NA,NY,1,2,0,0,0,0,0,250,SF,27,NYK,68,1016,12.4,0.533,0.455,0.184,5,8.4,6.7,10.3,1.4,0.9,11.3,19.2,0.8,0.4,1.2,0.055,-0.2,-2.5,-2.7,-0.2
225,Montrezl Harrell,F,1,HOU,58,18.3,126,2.2,5.7,0,6,175,C,23,HOU,58,1064,19.2,0.662,0.02,0.351,8.3,14.2,11.2,9.6,0.9,3.2,9.9,17.6,3.1,1,4.1,0.183,0.8,0.2,0.9,0.8
226,Myles Turner,F,1,IND,81,31.4,262,3.2,4.9,0,1,436,C,20,IND,81,2541,18.5,0.585,0.132,0.349,6.2,19.6,13,6.6,1.5,5.9,9.5,19.5,4.3,3.7,8,0.151,-0.3,2.6,2.4,2.8
227,Nemanja Bjelica,F,0,MIN,65,18.3,154,2.4,6.2,1,0,47,PF,28,MIN,65,1190,11,0.526,0.497,0.171,5.5,18.6,12,9.6,1.7,1.4,13.4,16.4,0.6,0.9,1.5,0.059,-0.7,-0.4,-1.1,0.3
228,Nene Hilario, C,1,HOU,67,17.9,163,2.4,6.5,1,4,193,C,34,HOU,67,1198,18.9,0.63,0.023,0.496,8.6,17,12.8,8.6,2.2,2.6,13.1,19.7,2.5,1.6,4.1,0.165,-0.4,0.8,0.5,0.7
229,Nerlens Noel,F,1,DAL/PHI,51,20.5,126,2.5,5.8,0,1,329,C,22,TOT,51,1047,20.4,0.622,0.003,0.359,9.8,22.3,15.9,8.1,3.1,4,12.5,17.6,2.1,1.9,4,0.181,-0.5,3.7,3.2,1.4
230,Nick Collison, F,0,OKC,20,6.4,17,0.9,6.4,0,1,86,PF,36,OKC,20,128,12.9,0.622,0.043,0.348,7.8,19.1,13.4,13.2,0.8,1.2,13.1,10.1,0.3,0.1,0.4,0.145,-1.8,0,-1.8,0
231,Nick Young, G,1,LAL,60,25.9,137,2.3,4.2,0,5,480,SG,31,LAL,60,1556,14.1,0.588,0.665,0.142,1.7,8.2,4.8,5.8,1.2,0.7,5.1,19.5,3,0.2,3.2,0.098,2.7,-3.4,-0.7,0.5
232,Nicolas Batum,G,NA,CHA,64,31,72,1.1,1.7,0,0,32,SG,28,CHO,77,2617,15.8,0.529,0.415,0.291,1.9,18.4,10.1,27.7,1.6,1,15,22.3,1.7,2.8,4.6,0.084,0.7,0.6,1.2,2.1
233,Nicolas Brussino,F,0,DAL,54,9.6,43,0.8,4,0,0,62,SG,23,DAL,54,521,10.7,0.498,0.674,0.156,5.5,16.2,10.6,13.9,1.7,1.4,14.7,16,0,0.6,0.6,0.055,-1.7,0.7,-1,0.1
234,Nicolas Brussino,F,NA,ATL,4,2.5,0,0,0,0,0,62,SG,23,DAL,54,521,10.7,0.498,0.674,0.156,5.5,16.2,10.6,13.9,1.7,1.4,14.7,16,0,0.6,0.6,0.055,-1.7,0.7,-1,0.1
235,Nicolas Laprovittola, G,0,SA,18,9.7,19,1.1,5.2,0,0,253,PG,27,SAS,18,174,8.4,0.579,0.574,0.191,0.7,5.7,3.3,23,1.2,0.5,27.2,18.2,0,0.2,0.2,0.044,-2.5,-2.4,-4.9,-0.1
236,Nikola Jokic, C,0,DEN,73,27.9,214,2.9,5,1,3,233,C,21,DEN,73,2038,26.3,0.64,0.163,0.267,11.6,27.2,19.5,28.8,1.5,2.1,15.2,23.5,7.7,2,9.7,0.228,6.2,2.2,8.4,5.3
237,Nikola Vucevic, C,0,ORL,75,28.8,180,2.4,4,0,4,447,C,26,ORL,75,2163,19.1,0.498,0.073,0.155,8.6,31.3,19.6,16.9,1.7,2.8,9.6,24.8,0.8,3.1,4,0.088,-1.4,2.3,0.9,1.6
238,Norris Cole,G,1,OKC,13,9.6,18,1.4,6.9,0,0,84,PG,28,OKC,13,125,5.4,0.381,0.25,0.192,0,9.8,4.9,16.3,3.1,0,11,21.5,-0.2,0.2,-0.1,-0.033,-6.5,-1.7,-8.2,-0.2
239,Okaro White, F,1,MIA,35,13.5,52,1.5,5.3,0,1,459,PF,24,MIA,35,471,7.5,0.507,0.391,0.253,5.8,13.5,9.6,6,1.1,1.7,15.7,10.8,0.1,0.5,0.6,0.066,-3.1,1,-2.1,0
240,Omer Asik, C,0,NO,31,15.5,51,1.6,5.1,0,0,21,C,30,NOP,31,482,9.8,0.517,0,0.6,10.4,25.3,17.8,4.2,0.5,1.7,14.6,8.8,0.4,0.6,1,0.1,-4.3,1.2,-3.1,-0.1
241,Omri Casspi,F,0,NO/MIN/SAC,36,17.9,50,1.4,3.7,0,0,75,PF,28,TOT,36,643,10,0.526,0.262,0.177,4.9,15.2,10.1,8.6,1.8,0.4,14.1,14.4,0.1,0.4,0.5,0.038,-2.4,-0.6,-3,-0.2
242,Pascal Siakam,F,1,TOR,55,15.6,109,2,6.1,0,0,402,PF,22,TOR,55,859,11.5,0.523,0.034,0.156,8.4,15.9,12.2,2.9,1.5,4.5,13.1,13.1,0.4,1.2,1.6,0.089,-3,1.9,-1.1,0.2
243,Pat Connaughton,G,0,POR,39,8.1,23,0.6,3.5,0,0,88,SG,24,POR,39,316,11.8,0.645,0.458,0.125,3.5,14.8,9.1,12.7,0.9,0.5,18.3,13,0.4,0.2,0.6,0.09,-0.9,-1.6,-2.5,0
244,Patricio Garino,G,0,ORL,5,8.6,4,0.8,4.5,0,0,144,SG,23,ORL,5,43,-9.2,0,0.714,0,2.5,15.6,8.9,0,0,0,30,10.2,-0.2,0,-0.2,-0.25,-14.1,-3.3,-17.3,-0.2
245,Patrick Beverley,G,1,HOU,67,30.7,222,3.3,5.2,0,11,45,SG,28,HOU,67,2058,13,0.546,0.53,0.175,5,15.8,10.4,18.8,2.3,1,14.6,14.1,2.9,2.4,5.3,0.123,0.8,1.5,2.3,2.3
246,Patrick Patterson,F,1,TOR,65,24.6,120,1.8,3.6,2,3,350,PF,27,TOR,65,1599,10.8,0.542,0.659,0.156,4.4,16.3,10.4,6.6,1.3,1.2,8.5,12.5,1.7,1.6,3.3,0.1,0.5,0.4,0.9,1.2
247,Pau Gasol, C,0,SA,64,25.4,110,1.7,3.2,1,1,146,C,36,SAS,64,1627,20.2,0.578,0.172,0.305,7.6,26.8,17.4,14.7,0.8,3.5,10.6,21.3,3.3,3.1,6.4,0.19,0.9,2.8,3.7,2.4
248,Paul George,F,1,IND,75,35.9,206,2.7,3.7,1,9,150,SF,26,IND,75,2689,20.2,0.587,0.368,0.277,2.5,17.9,10.3,16.1,2.2,0.9,12.7,28.9,3.9,3.1,7.1,0.126,3.1,-0.3,2.8,3.2
249,Paul Millsap,F,1,ATL,69,34,186,2.7,3.8,0,8,306,PF,31,ATL,69,2343,17.8,0.542,0.248,0.417,5.3,19.5,12.5,17.9,1.9,2.3,12.1,24.4,2.6,3.8,6.4,0.132,0.5,2.1,2.7,2.7
250,Paul Pierce,F,1,LAC,25,11.1,40,1.6,6.9,0,0,356,SF,39,LAC,25,277,5.7,0.535,0.614,0.186,0.4,18.5,9.7,5,0.7,1.5,17.4,14.8,-0.2,0.3,0.1,0.015,-3.9,-0.5,-4.4,-0.2
251,Paul Zipser, F,0,CHI,44,19.2,78,1.8,4.4,0,0,485,SF,22,CHI,44,843,6.9,0.503,0.448,0.181,1.9,14.2,8,6.1,0.9,1.5,14.4,14.4,-0.3,0.8,0.5,0.03,-3.6,-0.1,-3.7,-0.4
252,Quincy Acy, F,1,DAL/BKN,38,14.7,67,1.8,5.8,0,0,2,PF,26,TOT,38,558,11.8,0.565,0.529,0.353,3.9,18,11,4.9,1.2,2,9.7,16.8,0.5,0.5,0.9,0.082,-1.8,-1.2,-3,-0.1
253,Quinn Cook,G,1,NO/DAL,14,13.4,13,0.9,3.3,0,0,89,PG,23,TOT,14,188,11.8,0.579,0.394,0.076,0.6,3.6,2,22.8,1.1,0,16,19.6,0.1,0.1,0.2,0.047,-1.7,-4.2,-5.9,-0.2
254,Rajon Rondo,G,1,CHI,69,26.7,144,2.1,3.8,0,1,382,PG,30,CHI,69,1843,13.6,0.461,0.237,0.089,4.2,16.6,10.4,37,2.7,0.5,22.5,17.8,-0.4,2.7,2.3,0.06,-1.3,1.6,0.3,1.1
255,Rakeem Christmas,F,1,IND,29,7.6,37,1.3,8.1,0,0,80,PF,25,IND,29,219,10.4,0.529,0,0.674,13.5,15.2,14.4,2.5,0.7,2.4,12.5,13.1,0.3,0.2,0.5,0.099,-3,-1.2,-4.2,-0.1
256,Randy Foye,G,1,BKN,69,18.6,99,1.4,3.7,1,2,139,SG,33,BRK,69,1284,7.3,0.506,0.625,0.194,0.8,11.9,6.4,15.2,1.3,0.5,18.5,14.4,-0.6,0.7,0.2,0.006,-3,-1,-3.9,-0.6
257,Rashad Vaughn, G,1,MIL,41,11.2,32,0.8,3.3,0,0,445,SG,20,MIL,41,458,7.8,0.449,0.519,0.032,1,11.3,6.2,7.4,2.1,1.9,8.1,17.2,-0.5,0.4,0,-0.005,-3.7,-1.2,-4.9,-0.3
258,Raul Neto,G,0,UTAH,40,8.7,48,1.2,6.7,0,0,325,PG,24,UTA,40,346,10.7,0.527,0.341,0.099,1.4,8.4,5,15.1,3.2,1.2,13.6,14.8,0.2,0.6,0.7,0.1,-1.7,1.4,-0.3,0.1
259,Reggie Bullock, F,NA,DET,62,27.9,70,1.1,1.9,0,0,63,SF,25,DET,31,467,11.7,0.538,0.57,0.055,2.9,12.4,7.5,8.8,1.9,0.5,7.1,13.4,0.4,0.5,1,0.101,-0.4,0.5,0.1,0.2
260,Reggie Jackson,G,1,DET,52,27.4,129,2.5,4.3,0,2,219,PG,26,DET,52,1424,14.9,0.51,0.272,0.201,1.5,7.4,4.4,30.3,1.2,0.3,13.4,26.4,0.8,1.2,1.9,0.065,0.6,-2,-1.4,0.2
261,Richaun Holmes,F,1,PHI,57,20.9,136,2.4,5.5,0,1,201,C,23,PHI,57,1193,18.6,0.611,0.187,0.25,8.7,20.1,14.4,8.3,1.7,3.7,10.7,18.6,2.2,1.6,3.8,0.151,0.2,1.5,1.7,1.1
262,Ricky Rubio,G,0,MIN,75,32.9,202,2.7,3.9,0,0,386,PG,26,MIN,75,2469,16.8,0.539,0.302,0.438,3.2,11.4,7.2,38.9,2.6,0.3,20.1,17.4,4.5,1.7,6.1,0.119,1.7,-0.9,0.8,1.7
263,Robert Covington,F,1,PHI,67,31.6,203,3,4.6,0,2,91,SF,26,PHI,67,2119,13.2,0.534,0.563,0.238,4.8,17.9,11.3,7.5,2.9,2.6,13.9,19.2,0,3.2,3.1,0.071,-0.7,2,1.4,1.8
264,Rodney Hood,G,1,UTAH,59,27,132,2.2,4,0,1,202,SG,24,UTA,59,1593,12.4,0.522,0.461,0.173,1.2,13.1,7.3,10.1,1.3,0.6,8.3,22.9,0.7,1.9,2.6,0.078,-0.3,-0.9,-1.2,0.3
265,Ron Baker,G,0,NY,52,16.5,74,1.4,4.1,0,0,24,SG,23,NYK,52,857,7.5,0.456,0.396,0.198,1.5,10.8,6.2,17.3,2,0.8,19.2,14.8,-0.6,0.5,-0.1,-0.008,-3.5,-0.9,-4.4,-0.5
266,Rondae Hollis-Jefferson,F,1,BKN,78,22.6,177,2.3,4.8,0,1,200,SF,22,BRK,78,1761,13.7,0.517,0.124,0.467,5.8,21.1,13.6,13.4,2.2,1.9,15.1,18.7,0.4,2.2,2.6,0.07,-2.9,1.9,-1,0.4
267,Ronnie Price,G,1,PHX,14,9.6,14,1,5,0,0,367,PG,33,PHO,14,134,5.9,0.272,0.708,0.167,2.4,6.7,4.5,16.9,3.9,0.6,10.4,9,-0.1,0.1,0,0.002,-3.2,0.8,-2.4,0
268,Roy Hibbert, C,1,DEN/CHA,48,14.2,100,2.1,7,0,2,191,C,30,TOT,48,682,13.5,0.614,0,0.51,8.7,15.9,12.3,4.6,0.6,5.9,15.1,14,1,0.8,1.8,0.129,-2.9,1.8,-1.1,0.2
269,Rudy Gay,F,1,SAC,30,33.8,79,2.6,3.7,0,1,147,SF,30,SAC,30,1013,17.9,0.559,0.256,0.312,4,17.5,10.8,14.1,2.2,2.3,12.8,25.8,0.8,1,1.8,0.087,0.3,0.4,0.7,0.7
270,Rudy Gobert, C,1,UTAH,81,33.9,246,3,4.3,1,9,155,C,24,UTA,81,2744,23.3,0.681,0.002,0.762,13.6,29.5,21.8,5.7,0.9,6.4,15,16.7,8.3,6,14.3,0.25,1.4,4.5,5.8,5.4
271,Russell Westbrook,G,1,OKC,81,34.6,190,2.3,3.3,2,15,458,PG,28,OKC,81,2802,30.6,0.554,0.3,0.433,5.4,28.8,17.1,57.3,2.3,0.9,15.9,41.7,8.5,4.6,13.1,0.224,10.9,4.7,15.6,12.4
272,Sasha Vujacic,G,0,NY,42,9.7,38,0.9,4.5,0,1,448,SG,32,NYK,42,408,8.6,0.423,0.544,0.176,3.2,12.4,7.8,17.9,1.6,0.4,9.8,17.3,-0.1,0.2,0.1,0.014,-2.1,-2.2,-4.3,-0.2
273,Semaj Christon,G,1,OKC,64,15.2,79,1.2,3.9,0,1,81,PG,24,OKC,64,973,5.7,0.387,0.283,0.139,2.2,7.8,4.9,18.1,1.4,0.6,15.4,12.2,-0.7,0.8,0.1,0.006,-5.1,-1.2,-6.3,-1.1
274,Serge Ibaka,F,1,ORL/TOR,79,30.7,215,2.7,4.3,0,5,210,PF,27,TOT,79,2422,16.4,0.566,0.323,0.127,5.7,19,12.2,5.2,0.8,4.2,9.2,20.9,2.5,2.6,5.1,0.101,-0.5,0.1,-0.4,1
275,Shabazz Napier,G,1,POR,53,9.7,38,0.7,3.6,0,0,321,PG,25,POR,53,512,13.6,0.533,0.503,0.268,1.7,11.5,6.6,19.5,3.1,0.3,16.7,21.2,0.1,0.5,0.6,0.06,-0.9,-1.3,-2.2,0
276,Shawn Long, F,1,PHI,18,13,49,2.7,10.1,0,1,269,C,24,PHI,18,234,24.1,0.595,0.174,0.321,19.3,20.8,20,10.7,1.9,3.1,9.5,25.4,0.6,0.3,0.9,0.195,3.4,0,3.4,0.3
277,Shelvin Mack,G,1,UTAH,55,21.9,100,1.8,4,0,0,279,PG,26,UTA,55,1205,10.9,0.518,0.315,0.202,2,9.8,6,20.4,1.8,0.2,17.8,19.6,-0.1,1.5,1.4,0.054,-1.7,-0.1,-1.8,0.1
278,Skal Labissiere,F,1,SAC,33,18.5,64,1.9,5,0,0,251,PF,20,SAC,33,612,16.8,0.577,0.037,0.339,9.7,20.7,15.3,7.5,1.3,1.9,12.9,21.3,0.7,0.5,1.3,0.099,-1.7,-0.9,-2.6,-0.1
279,Solomon Hill,F,1,NO,80,29.7,182,2.3,3.7,1,1,196,SF,25,NOP,80,2374,8,0.527,0.565,0.268,2.3,11.4,6.8,8.1,1.5,1.1,13.3,11.5,0.4,2.3,2.7,0.055,-1.8,1.5,-0.3,1
280,Spencer Dinwiddie,G,1,BKN,59,22.6,119,2,4.3,0,0,112,PG,23,BRK,59,1334,12.7,0.581,0.334,0.526,2.2,10.7,6.5,20.3,1.6,1.3,15.1,14.1,1.9,0.9,2.8,0.101,-0.7,-0.2,-0.9,0.4
281,Spencer Hawes,F,0,MIL/CHA,54,14.8,77,1.4,4.6,0,3,184,PF,28,TOT,54,797,15.6,0.562,0.292,0.188,5.3,21.5,13.4,16.5,0.9,3.3,14,19.8,0.7,1,1.7,0.102,-1.2,0.8,-0.5,0.3
282,Stephen Curry,G,1,GS,79,33.4,183,2.3,3.3,0,4,98,PG,28,GSW,79,2638,24.6,0.624,0.547,0.251,2.7,11.4,7.3,31.2,2.6,0.5,13,30.1,8.7,3.9,12.6,0.229,7.8,-0.4,7.3,6.2
283,Stephen Zimmerman, C,0,ORL,19,5.7,17,0.9,7.6,0,0,484,C,20,ORL,19,108,7.3,0.346,0,0.161,10.8,24.9,17.6,5.3,0.9,3.7,8.3,14.8,-0.1,0.1,0,-0.005,-7.8,0.4,-7.3,-0.1
284,Steven Adams, C,0,OKC,80,29.9,195,2.4,3.9,0,5,3,C,23,OKC,80,2389,16.5,0.589,0.002,0.392,13,15.4,14.2,5.4,1.8,2.6,16,16.2,3.3,3.1,6.5,0.13,-0.7,1.2,0.6,1.5
285,Taj Gibson,F,1,CHI/OKC,78,25.5,163,2.1,3.9,0,9,153,PF,31,TOT,78,1989,15,0.543,0.018,0.223,8.6,17.9,13.2,5.9,1,2.6,11.9,19.3,1.6,2.5,4,0.097,-2.4,0.3,-2.1,-0.1
286,Tarik Black, C,1,LAL,67,16.3,173,2.6,7.6,0,1,48,C,25,LAL,67,1091,15,0.56,0.007,0.371,13.9,20.7,17.2,5.3,1.3,3.3,14.5,15.7,1.5,0.8,2.4,0.105,-1.8,0.2,-1.6,0.1
287,Thomas Robinson, F,1,LAL,48,11.7,76,1.6,6.5,0,2,380,PF,25,LAL,48,560,17.3,0.535,0.005,0.337,15.8,28.1,21.8,8.8,2.3,1.3,17,20.7,0.3,0.6,0.9,0.079,-2.2,-0.1,-2.3,0
288,Thon Maker,F,1,MIL,57,9.9,84,1.5,7.2,0,0,281,C,19,MIL,57,562,14,0.558,0.409,0.271,8.4,15.2,11.8,6.2,0.9,4.1,7.7,17.8,0.8,0.5,1.3,0.113,-0.5,-1,-1.5,0.1
289,Tiago Splitter, C,0,PHI,8,9.5,8,1,5.1,0,0,411,C,32,PHI,8,76,15,0.544,0.194,0.355,11.6,20.3,15.9,8.9,0.6,1,14.3,23.9,0.1,0.1,0.1,0.072,-2.6,-2.5,-5,-0.1
290,Tim Frazier,G,1,NO,65,23.5,133,2,4.2,0,1,140,PG,26,NOP,65,1525,12.4,0.504,0.317,0.319,2.3,9.7,6,31.4,1.8,0.3,18,16.3,1,1.4,2.4,0.075,-1.5,-0.7,-2.2,-0.1
291,Tim Quarterman, G,1,POR,16,5,6,0.4,3.6,0,0,368,SG,22,POR,16,80,10.2,0.511,0.448,0.103,5.5,13.9,9.7,21.1,1.2,3,26.6,22.8,-0.1,0.1,-0.1,-0.044,-4,-0.8,-4.8,-0.1
292,Timofey Mozgov, C,0,LAL,54,20.4,133,2.5,5.8,1,3,314,C,30,LAL,54,1104,12.3,0.553,0.003,0.238,9.9,16.4,13.1,5.9,0.7,2.3,16.6,16.8,0.7,0.4,1.1,0.048,-2.8,-0.8,-3.6,-0.4
293,Timothe Luwawu-Cabarrot,G,1,PHI,69,17.2,154,2.2,6.2,1,0,276,SF,21,PHI,69,1190,8.5,0.536,0.446,0.341,2.3,11.5,6.9,9.6,1.3,0.7,15,17.8,0,0.8,0.8,0.034,-2.8,-1.2,-4,-0.6
294,Tomas Satoransky,G,0,WSH,57,12.6,60,1.1,4,0,0,393,SG,25,WAS,57,719,8.5,0.477,0.252,0.224,3.9,9.1,6.5,16.7,1.8,0.7,19,12.1,0.1,0.5,0.6,0.04,-2.9,-0.2,-3.1,-0.2
295,Toney Douglas,G,1,MEM,24,16.4,50,2.1,6.1,0,0,113,PG,30,MEM,24,394,10.6,0.451,0.359,0.248,3.7,14.3,8.9,22.2,2.4,1.2,13.9,17.4,0,0.5,0.5,0.059,-2.2,1,-1.2,0.1
296,Tony Allen,G,1,MEM,71,27,178,2.5,4.5,0,1,9,SG,35,MEM,71,1914,13.3,0.493,0.091,0.218,9.6,13.8,11.7,8.4,3.1,1.4,13.3,17.9,0.2,2.9,3.1,0.077,-1.8,2.4,0.6,1.3
297,Treveon Graham,G,1,CHA,27,7,18,0.7,4.6,0,0,160,SG,23,CHO,27,189,10.6,0.612,0.375,0.375,2.9,10,6.4,4.7,1.6,0.5,6,11.8,0.3,0.2,0.4,0.108,-1.5,-1.3,-2.8,0
298,Trey Burke,G,1,WSH,57,12.3,54,0.9,3.7,0,0,64,PG,24,WAS,57,703,10.8,0.532,0.275,0.114,1.1,6.4,3.8,20.7,0.8,0.6,15.2,19.6,0.3,0.3,0.5,0.036,-2.3,-3.4,-5.7,-0.7
299,Tristan Thompson,F,1,CLE,78,29.9,176,2.3,3.6,0,3,428,C,25,CLE,78,2336,15.3,0.594,0.007,0.487,13.9,19.6,16.9,4.6,0.8,2.9,10.8,11.3,5,2.3,7.3,0.149,0,1.5,1.5,2
300,Troy Daniels,G,1,MEM,67,17.7,90,1.3,3.7,0,1,99,SG,25,MEM,67,1183,10.4,0.531,0.717,0.109,2.1,7.8,4.8,6.6,0.9,0.3,8,21.7,0.5,0.8,1.3,0.051,0.4,-3.5,-3.1,-0.3
301,Troy Williams, F,1,HOU/MEM,30,18.6,60,2,5.2,0,0,470,SF,22,TOT,30,557,9,0.511,0.371,0.192,3,11.2,7,7,2.5,1.7,15,17.1,-0.3,0.7,0.4,0.032,-3.3,0.6,-2.7,-0.1
302,Ty Lawson, G,1,SAC,69,25.1,119,1.7,3.3,0,0,256,PG,29,SAC,69,1732,15.4,0.551,0.226,0.416,3,8.9,6,29.9,2.2,0.3,17.3,19.5,2.2,1,3.2,0.088,0.2,-1.5,-1.3,0.3
303,Tyler Ennis, G,1,HOU/LAL,53,11.1,58,1.1,4.7,0,0,126,PG,22,TOT,53,588,10.9,0.521,0.337,0.12,1.6,6.8,4.2,21.7,2.1,0.3,17,19.1,0.1,0.3,0.4,0.031,-2.2,-2.8,-4.9,-0.4
304,Tyler Johnson,G,0,MIA,73,29.8,176,2.4,3.9,0,1,231,PG,24,MIA,73,2178,15.9,0.535,0.303,0.308,2.5,12.5,7.4,16.6,1.9,1.6,8.8,20.9,3.1,2.7,5.8,0.128,0.7,0.8,1.5,1.9
305,Tyler Ulis, G,1,PHX,61,18.4,73,1.2,3.1,1,1,438,PG,21,PHO,61,1123,13,0.474,0.181,0.162,1.9,7.5,4.6,30.5,2,0.4,14.1,20.3,0.3,0.4,0.7,0.029,-1.5,-2.5,-4,-0.6
306,Tyler Zeller, C,0,BOS,51,10.3,61,1.2,5.6,0,0,483,C,27,BOS,51,525,13,0.508,0.006,0.247,9.2,17,13.2,12.2,0.7,3.3,10.2,16.5,0.5,0.6,1,0.094,-3.3,0.8,-2.5,-0.1
307,Tyreke Evans,G,1,NO/SAC,40,19.7,60,1.5,3.7,0,0,127,SF,27,TOT,40,788,15.5,0.501,0.319,0.249,1.8,17.2,9.5,25.9,2.2,1,12.9,26.7,-0.2,0.9,0.7,0.045,-0.7,-0.1,-0.9,0.2
308,Tyson Chandler, C,1,PHX,47,27.6,126,2.7,4.7,1,4,77,C,34,PHO,47,1298,16.6,0.703,0,0.544,12.5,33.2,22.6,3.3,1.2,1.5,18.7,11.2,2.7,1.3,4.1,0.151,-0.7,0.3,-0.3,0.5
309,Udonis Haslem,F,1,MIA,16,8.1,22,1.4,8.1,0,0,183,C,36,MIA,16,130,8.8,0.524,0.13,0.652,6.7,24.1,15.3,6.4,2.3,0.6,21.3,12.8,0,0.2,0.2,0.074,-4.7,1.5,-3.2,0
310,Victor Oladipo,G,1,OKC,67,33.2,155,2.3,3.3,0,0,339,SG,24,OKC,67,2222,13.6,0.534,0.378,0.165,1.9,12.6,7.2,12.5,1.7,0.8,10.6,21.4,1.7,2.3,4,0.085,-0.4,-0.9,-1.3,0.4
311,Vince Carter,G,1,MEM,73,24.7,163,2.2,4.3,0,4,73,SF,40,MEM,73,1799,11.7,0.542,0.604,0.235,2.2,12.5,7.2,11.5,1.7,1.9,8.5,14.9,1.9,2.1,4,0.106,0.1,0.9,1,1.4
312,Wayne Selden,G,1,NO/MEM,14,16.9,18,1.3,3.7,0,0,398,SG,22,TOT,14,236,6.9,0.525,0.483,0.379,0.5,7.2,3.8,8.5,1.3,0.4,15.1,15.3,-0.1,0.2,0.1,0.016,-3.4,-1.6,-5,-0.2
313,Wesley Johnson,F,1,LAC,68,11.9,83,1.2,4.9,0,0,232,SF,29,LAC,68,810,8.4,0.448,0.59,0.085,3.7,20.8,12.5,3.9,1.8,3,8,12.5,-0.3,1.2,0.9,0.051,-3.4,1.6,-1.8,0
314,Wilson Chandler,F,1,DEN,71,30.9,172,2.4,3.8,0,1,78,SF,29,DEN,71,2197,14.9,0.545,0.347,0.207,5.2,17.8,11.6,9.8,1.1,1.1,10,22,2.4,1.1,3.5,0.077,0.5,-1.4,-0.9,0.6
315,Yogi Ferrell,G,1,DAL/BKN,46,26,90,2,3.6,0,0,135,PG,23,TOT,46,1197,13.1,0.533,0.447,0.226,1.8,9.2,5.3,23.2,1.8,0.7,13.9,19.6,0.8,1,1.8,0.072,-0.1,-0.6,-0.7,0.4
316,Zaza Pachulia, C,0,GS,70,18.1,166,2.4,6.3,3,3,344,C,32,GSW,70,1268,16.1,0.588,0.007,0.41,12.9,22,17.7,13.6,2.2,2,19.4,15.3,2.3,2.5,4.7,0.178,-0.3,3,2.7,1.5
